Listagem 1: DDL – Definição das tabelas que serão utilizadas no teste 
create table funcionario( 
id_funcionario integer, 
nm_nome varchar2(35), 
dt_nascimento date
);
create table departamento (
id_departamento integer, 
nm_nome varchar2(35)
);

alter table funcionario modify id_funcionario primary key;
alter table departamento modify id_departamento primary key;

create table func_dep_r (
id_funcionario integer, 
id_departamento integer, 
dt_desativacao date)
;

Listagem 2: DML – Carga de dados básicos para teste
INSERT INTO FUNCIONARIO VALUES (1, 'RONALDO DOS REIS OLEGARIO',TO_DATE('15/05/1979', 'DD/MM/YYYY') );
INSERT INTO FUNCIONARIO VALUES (2, 'JOSE DA SILVA',TO_DATE('15/05/1990', 'DD/MM/YYYY') );
INSERT INTO FUNCIONARIO VALUES (3, 'JOAO DA SILVA',TO_DATE('15/05/1989', 'DD/MM/YYYY') );
INSERT INTO FUNCIONARIO VALUES (4, 'PEDRO DA SILVA',TO_DATE('15/05/1991', 'DD/MM/YYYY') );
INSERT INTO FUNCIONARIO VALUES (5, 'AUGUSTO DA SILVA',TO_DATE('15/05/1978', 'DD/MM/YYYY') );
INSERT INTO FUNCIONARIO VALUES (6, 'ADERBAL DA SILVA',TO_DATE('15/05/1944', 'DD/MM/YYYY') );
INSERT INTO FUNCIONARIO VALUES (7, 'ANASTACIO DA SILVA',TO_DATE('15/05/1977', 'DD/MM/YYYY') );
INSERT INTO FUNCIONARIO VALUES (8, 'ROGERIO DA SILVA',TO_DATE('15/05/1980', 'DD/MM/YYYY') );
INSERT INTO FUNCIONARIO VALUES (9, 'ROMARIO DA SILVA',TO_DATE('15/05/1985', 'DD/MM/YYYY') );
COMMIT;
INSERT INTO DEPARTAMENTO VALUES (1,'INFRA-ESTRUTURA');
INSERT INTO DEPARTAMENTO VALUES (2,'RECURSOS HUMANOS');
INSERT INTO DEPARTAMENTO VALUES (3,'DESENVOLVIMENTO');
INSERT INTO DEPARTAMENTO VALUES (4,'NEGOCIOS');
INSERT INTO DEPARTAMENTO VALUES (5,'COMPRAS');
INSERT INTO DEPARTAMENTO VALUES (6,'CONTRATOS');
COMMIT;
INSERT INTO FUNC_DEP_R VALUES (1, 1, NULL);
INSERT INTO FUNC_DEP_R VALUES (2, 1, NULL);
INSERT INTO FUNC_DEP_R VALUES (3, 1, NULL);
INSERT INTO FUNC_DEP_R VALUES (4, 2, NULL);
INSERT INTO FUNC_DEP_R VALUES (5, 2, NULL);
INSERT INTO FUNC_DEP_R VALUES (6, 3, NULL);
INSERT INTO FUNC_DEP_R VALUES (7, 3, NULL);
INSERT INTO FUNC_DEP_R VALUES (8, 3, NULL);
INSERT INTO FUNC_DEP_R VALUES (9, 4, NULL);
COMMIT;
INSERT INTO FUNC_DEP_R VALUES (1, 4, NULL);
COMMIT;
